ID,Title,URL,Is Premium,Acceptance %,Difficulty,Frequency %,Solution Link
1,Two Sum,https://leetcode.comhttps://leetcode.com/problems/two-sum,N,49.10%,Easy,51.3461%;,
2,Add Two Numbers,https://leetcode.comhttps://leetcode.com/problems/add-two-numbers,N,39.80%,Medium,29.1345%;,
3,Longest Substring Without Repeating Characters,https://leetcode.com/problems/longest-substring-without-repeating-characters,N,33.80%,Medium,35.6042%;,
4,Median of Two Sorted Arrays,https://leetcode.com/problems/median-of-two-sorted-arrays,N,35.30%,Hard,34.9848%;,
5,Longest Palindromic Substring,https://leetcode.com/problems/longest-palindromic-substring,N,32.40%,Medium,35.2257%;,
6,Zigzag Conversion,https://leetcode.com/problems/zigzag-conversion,N,43.20%,Medium,9.86584%;,
7,Reverse Integer,https://leetcode.com/problems/reverse-integer,N,27.20%,Medium,13.4903%;,
8,String to Integer (atoi),https://leetcode.com/problems/string-to-integer-atoi,N,16.60%,Medium,12.1446%;,
9,Palindrome Number,https://leetcode.com/problems/palindrome-number,N,52.90%,Easy,7.96144%;,
10,Regular Expression Matching,https://leetcode.com/problems/regular-expression-matching,N,28.20%,Hard,10.2189%;,
11,Container With Most Water,https://leetcode.com/problems/container-with-most-water,N,54.30%,Medium,22.1736%;,
12,Integer to Roman,https://leetcode.com/problems/integer-to-roman,N,61.50%,Medium,49.3056%;,
13,Roman to Integer,https://leetcode.com/problems/roman-to-integer,N,58.20%,Easy,34.3407%;,
14,Longest Common Prefix,https://leetcode.com/problems/longest-common-prefix,N,40.80%,Easy,21.9424%;,
15,3Sum,https://leetcode.com/problems/3sum,N,32.30%,Medium,23.5381%;,
16,3Sum Closest,https://leetcode.com/problems/3sum-closest,N,46.10%,Medium,16.3659%;,
17,Letter Combinations of a Phone Number,https://leetcode.com/problems/letter-combinations-of-a-phone-number,N,55.70%,Medium,49.0148%;,
18,4Sum,https://leetcode.com/problems/4sum,N,36.40%,Medium,23.8879%;,
19,Remove Nth Node From End of List,https://leetcode.com/problems/remove-nth-node-from-end-of-list,N,40.00%,Medium,7.89302%;,
20,Valid Parentheses,https://leetcode.com/problems/valid-parentheses,N,40.60%,Easy,33.3355%;,
21,Merge Two Sorted Lists,https://leetcode.com/problems/merge-two-sorted-lists,N,61.90%,Easy,15.4432%;,
22,Generate Parentheses,https://leetcode.com/problems/generate-parentheses,N,71.90%,Medium,32.6884%;,
23,Merge k Sorted Lists,https://leetcode.com/problems/merge-k-sorted-lists,N,48.50%,Hard,60.4348%;,
24,Swap Nodes in Pairs,https://leetcode.com/problems/swap-nodes-in-pairs,N,60.50%,Medium,4.58918%;,
25,Reverse Nodes in k-Group,https://leetcode.com/problems/reverse-nodes-in-k-group,N,53.70%,Hard,33.8612%;,
26,Remove Duplicates from Sorted Array,https://leetcode.com/problems/remove-duplicates-from-sorted-array,N,50.90%,Easy,3.1666%;,
27,Remove Element,https://leetcode.com/problems/remove-element,N,52.20%,Easy,0.91574%;,
28,Find the Index of the First Occurrence in a String,https://leetcode.com/problems/find-the-index-of-the-first-occurrence-in-a-string,N,37.60%,Medium,5.46961%;,
29,Divide Two Integers,https://leetcode.com/problems/divide-two-integers,N,17.30%,Medium,3.07981%;,
30,Substring with Concatenation of All Words,https://leetcode.com/problems/substring-with-concatenation-of-all-words,N,30.90%,Hard,3.01616%;,
31,Next Permutation,https://leetcode.com/problems/next-permutation,N,37.20%,Medium,27.6129%;,
32,Longest Valid Parentheses,https://leetcode.com/problems/longest-valid-parentheses,N,32.70%,Hard,28.9085%;,
33,Search in Rotated Sorted Array,https://leetcode.com/problems/search-in-rotated-sorted-array,N,38.70%,Medium,23.6618%;,
34,Find First and Last Position of Element in Sorted Array,https://leetcode.com/problems/find-first-and-last-position-of-element-in-sorted-array,N,41.60%,Medium,23.5802%;,
35,Search Insert Position,https://leetcode.com/problems/search-insert-position,N,42.00%,Easy,1.86362%;,
36,Valid Sudoku,https://leetcode.com/problems/valid-sudoku,N,56.90%,Medium,32.0787%;,
37,Sudoku Solver,https://leetcode.com/problems/sudoku-solver,N,56.80%,Hard,11.2049%;,
38,Count and Say,https://leetcode.com/problems/count-and-say,N,51.30%,Medium,16.6455%;,
39,Combination Sum,https://leetcode.com/problems/combination-sum,N,67.80%,Medium,11.805%;,
40,Combination Sum II,https://leetcode.com/problems/combination-sum-ii,N,53.30%,Medium,4.62977%;,
41,First Missing Positive,https://leetcode.com/problems/first-missing-positive,N,36.60%,Hard,25.4772%;,
42,Trapping Rain Water,https://leetcode.com/problems/trapping-rain-water,N,58.80%,Hard,60.6992%;,
43,Multiply Strings,https://leetcode.com/problems/multiply-strings,N,38.80%,Medium,1.18442%;,
45,Jump Game II,https://leetcode.com/problems/jump-game-ii,N,38.60%,Medium,20.6912%;,
46,Permutations,https://leetcode.com/problems/permutations,N,74.90%,Medium,22.0367%;,
47,Permutations II,https://leetcode.com/problems/permutations-ii,N,56.80%,Medium,1.8021%;,
48,Rotate Image,https://leetcode.com/problems/rotate-image,N,70.10%,Medium,21.5744%;,
49,Group Anagrams,https://leetcode.com/problems/group-anagrams,N,66.50%,Medium,53.9385%;,
50,"Pow(x, n)",https://leetcode.com/problems/powx-n,N,32.80%,Medium,9.84183%;,
51,N-Queens,https://leetcode.com/problems/n-queens,N,63.10%,Hard,19.3825%;,
53,Maximum Subarray,https://leetcode.com/problems/maximum-subarray,N,50.10%,Medium,38.7427%;,
54,Spiral Matrix,https://leetcode.com/problems/spiral-matrix,N,43.80%,Medium,14.6616%;,
55,Jump Game,https://leetcode.com/problems/jump-game,N,38.50%,Medium,31.4782%;,
56,Merge Intervals,https://leetcode.com/problems/merge-intervals,N,46.00%,Medium,41.4706%;,
57,Insert Interval,https://leetcode.com/problems/insert-interval,N,38.00%,Medium,2.36219%;,
58,Length of Last Word,https://leetcode.com/problems/length-of-last-word,N,40.80%,Easy,1.146%;,
59,Spiral Matrix II,https://leetcode.com/problems/spiral-matrix-ii,N,66.70%,Medium,18.7633%;,
60,Permutation Sequence,https://leetcode.com/problems/permutation-sequence,N,43.80%,Hard,12.4362%;,
61,Rotate List,https://leetcode.com/problems/rotate-list,N,35.80%,Medium,6.77752%;,
62,Unique Paths,https://leetcode.com/problems/unique-paths,N,62.30%,Medium,24.1998%;,
63,Unique Paths II,https://leetcode.com/problems/unique-paths-ii,N,39.10%,Medium,28.0022%;,
64,Minimum Path Sum,https://leetcode.com/problems/minimum-path-sum,N,60.70%,Medium,13.3017%;,
65,Valid Number,https://leetcode.com/problems/valid-number,N,18.60%,Hard,5.22551%;,
66,Plus One,https://leetcode.com/problems/plus-one,N,43.40%,Easy,1.48831%;,
67,Add Binary,https://leetcode.com/problems/add-binary,N,51.40%,Easy,2.95509%;,
69,Sqrt(x),https://leetcode.com/problems/sqrtx,N,37.10%,Easy,1.7813%;,
70,Climbing Stairs,https://leetcode.com/problems/climbing-stairs,N,51.80%,Easy,14.596%;,
71,Simplify Path,https://leetcode.com/problems/simplify-path,N,39.20%,Medium,13.2314%;,
72,Edit Distance,https://leetcode.com/problems/edit-distance,N,52.70%,Hard,17.5074%;,
73,Set Matrix Zeroes,https://leetcode.com/problems/set-matrix-zeroes,N,50.10%,Medium,16.9228%;,
74,Search a 2D Matrix,https://leetcode.com/problems/search-a-2d-matrix,N,47.00%,Medium,25.0299%;,
75,Sort Colors,https://leetcode.com/problems/sort-colors,N,57.40%,Medium,15.6985%;,
76,Minimum Window Substring,https://leetcode.com/problems/minimum-window-substring,N,40.70%,Hard,33.5563%;,
78,Subsets,https://leetcode.com/problems/subsets,N,74.00%,Medium,15.2496%;,
79,Word Search,https://leetcode.com/problems/word-search,N,39.80%,Medium,44.6295%;,
81,Search in Rotated Sorted Array II,https://leetcode.com/problems/search-in-rotated-sorted-array-ii,N,35.80%,Medium,7.44691%;,
82,Remove Duplicates from Sorted List II,https://leetcode.com/problems/remove-duplicates-from-sorted-list-ii,N,45.50%,Medium,4.08027%;,
83,Remove Duplicates from Sorted List,https://leetcode.com/problems/remove-duplicates-from-sorted-list,N,49.90%,Easy,1.63519%;,
84,Largest Rectangle in Histogram,https://leetcode.com/problems/largest-rectangle-in-histogram,N,42.20%,Hard,34.8942%;,
85,Maximal Rectangle,https://leetcode.com/problems/maximal-rectangle,N,44.20%,Hard,18.9959%;,
88,Merge Sorted Array,https://leetcode.com/problems/merge-sorted-array,N,45.80%,Easy,7.7498%;,
90,Subsets II,https://leetcode.com/problems/subsets-ii,N,55.40%,Medium,9.89693%;,
91,Decode Ways,https://leetcode.com/problems/decode-ways,N,32.30%,Medium,24.4712%;,
92,Reverse Linked List II,https://leetcode.com/problems/reverse-linked-list-ii,N,45.40%,Medium,24.1387%;,
93,Restore IP Addresses,https://leetcode.com/problems/restore-ip-addresses,N,43.50%,Medium,18.7251%;,
94,Binary Tree Inorder Traversal,https://leetcode.com/problems/binary-tree-inorder-traversal,N,73.10%,Easy,6.36691%;,
95,Unique Binary Search Trees II,https://leetcode.com/problems/unique-binary-search-trees-ii,N,51.60%,Medium,3.92098%;,
97,Interleaving String,https://leetcode.com/problems/interleaving-string,N,37.10%,Medium,2.73105%;,
98,Validate Binary Search Tree,https://leetcode.com/problems/validate-binary-search-tree,N,31.80%,Medium,22.7734%;,
99,Recover Binary Search Tree,https://leetcode.com/problems/recover-binary-search-tree,N,50.40%,Medium,35.4319%;,
100,Same Tree,https://leetcode.com/problems/same-tree,N,56.40%,Easy,5.60157%;,
101,Symmetric Tree,https://leetcode.com/problems/symmetric-tree,N,53.00%,Easy,8.25677%;,
102,Binary Tree Level Order Traversal,https://leetcode.com/problems/binary-tree-level-order-traversal,N,63.40%,Medium,14.2926%;,
103,Binary Tree Zigzag Level Order Traversal,https://leetcode.com/problems/binary-tree-zigzag-level-order-traversal,N,55.20%,Medium,45.6783%;,
104,Maximum Depth of Binary Tree,https://leetcode.com/problems/maximum-depth-of-binary-tree,N,73.20%,Easy,3.41217%;,
105,Construct Binary Tree from Preorder and Inorder Traversal,https://leetcode.com/problems/construct-binary-tree-from-preorder-and-inorder-traversal,N,60.80%,Medium,18.6148%;,
106,Construct Binary Tree from Inorder and Postorder Traversal,https://leetcode.com/problems/construct-binary-tree-from-inorder-and-postorder-traversal,N,57.50%,Medium,3.28802%;,
107,Binary Tree Level Order Traversal II,https://leetcode.com/problems/binary-tree-level-order-traversal-ii,N,60.40%,Medium,9.3649%;,
108,Convert Sorted Array to Binary Search Tree,https://leetcode.com/problems/convert-sorted-array-to-binary-search-tree,N,69.10%,Easy,5.35869%;,
111,Minimum Depth of Binary Tree,https://leetcode.com/problems/minimum-depth-of-binary-tree,N,43.60%,Easy,2.68755%;,
112,Path Sum,https://leetcode.com/problems/path-sum,N,47.70%,Easy,7.29483%;,
113,Path Sum II,https://leetcode.com/problems/path-sum-ii,N,56.70%,Medium,13.4513%;,
114,Flatten Binary Tree to Linked List,https://leetcode.com/problems/flatten-binary-tree-to-linked-list,N,61.20%,Medium,28.6009%;,
116,Populating Next Right Pointers in Each Node,https://leetcode.com/problems/populating-next-right-pointers-in-each-node,N,59.50%,Medium,10.5132%;,
117,Populating Next Right Pointers in Each Node II,https://leetcode.com/problems/populating-next-right-pointers-in-each-node-ii,N,49.80%,Medium,10.136%;,
118,Pascal's Triangle,https://leetcode.com/problems/pascals-triangle,N,69.30%,Easy,17.5763%;,
119,Pascal's Triangle II,https://leetcode.com/problems/pascals-triangle-ii,N,59.80%,Easy,3.35164%;,
120,Triangle,https://leetcode.com/problems/triangle,N,54.00%,Medium,15.9416%;,
121,Best Time to Buy and Sell Stock,https://leetcode.com/problems/best-time-to-buy-and-sell-stock,N,54.40%,Easy,38.0873%;,
122,Best Time to Buy and Sell Stock II,https://leetcode.com/problems/best-time-to-buy-and-sell-stock-ii,N,63.40%,Medium,14.9094%;,
123,Best Time to Buy and Sell Stock III,https://leetcode.com/problems/best-time-to-buy-and-sell-stock-iii,N,44.90%,Hard,21.9623%;,
124,Binary Tree Maximum Path Sum,https://leetcode.com/problems/binary-tree-maximum-path-sum,N,38.50%,Hard,10.6127%;,
125,Valid Palindrome,https://leetcode.com/problems/valid-palindrome,N,43.70%,Easy,0.355141%;,
126,Word Ladder II,https://leetcode.com/problems/word-ladder-ii,N,27.60%,Hard,45.6066%;,
127,Word Ladder,https://leetcode.com/problems/word-ladder,N,36.70%,Hard,67.7724%;,
128,Longest Consecutive Sequence,https://leetcode.com/problems/longest-consecutive-sequence,N,48.90%,Medium,23.8238%;,
129,Sum Root to Leaf Numbers,https://leetcode.com/problems/sum-root-to-leaf-numbers,N,58.80%,Medium,3.09701%;,
130,Surrounded Regions,https://leetcode.com/problems/surrounded-regions,N,36.10%,Medium,9.20236%;,
131,Palindrome Partitioning,https://leetcode.com/problems/palindrome-partitioning,N,62.50%,Medium,12.3657%;,
132,Palindrome Partitioning II,https://leetcode.com/problems/palindrome-partitioning-ii,N,33.60%,Hard,4.75731%;,
133,Clone Graph,https://leetcode.com/problems/clone-graph,N,50.80%,Medium,7.2969%;,
134,Gas Station,https://leetcode.com/problems/gas-station,N,45.10%,Medium,24.4174%;,
135,Candy,https://leetcode.com/problems/candy,N,40.80%,Hard,47.8847%;,
136,Single Number,https://leetcode.com/problems/single-number,N,70.10%,Easy,10.5866%;,
137,Single Number II,https://leetcode.com/problems/single-number-ii,N,57.90%,Medium,5.71668%;,
138,Copy List with Random Pointer,https://leetcode.com/problems/copy-list-with-random-pointer,N,50.60%,Medium,55.2474%;,
139,Word Break,https://leetcode.com/problems/word-break,N,45.50%,Medium,37.1035%;,
140,Word Break II,https://leetcode.com/problems/word-break-ii,N,44.60%,Hard,59.804%;,
141,Linked List Cycle,https://leetcode.com/problems/linked-list-cycle,N,46.90%,Easy,5.56001%;,
142,Linked List Cycle II,https://leetcode.com/problems/linked-list-cycle-ii,N,46.50%,Medium,6.77774%;,
143,Reorder List,https://leetcode.com/problems/reorder-list,N,51.20%,Medium,9.42272%;,
146,LRU Cache,https://leetcode.com/problems/lru-cache,N,40.50%,Medium,83.3923%;,
148,Sort List,https://leetcode.com/problems/sort-list,N,54.30%,Medium,5.46359%;,
149,Max Points on a Line,https://leetcode.com/problems/max-points-on-a-line,N,21.80%,Hard,20.8625%;,
150,Evaluate Reverse Polish Notation,https://leetcode.com/problems/evaluate-reverse-polish-notation,N,44.10%,Medium,29.22%;,
151,Reverse Words in a String,https://leetcode.com/problems/reverse-words-in-a-string,N,31.80%,Medium,2.17467%;,
152,Maximum Product Subarray,https://leetcode.com/problems/maximum-product-subarray,N,34.90%,Medium,23.4116%;,
153,Find Minimum in Rotated Sorted Array,https://leetcode.com/problems/find-minimum-in-rotated-sorted-array,N,48.50%,Medium,9.30869%;,
155,Min Stack,https://leetcode.com/problems/min-stack,N,51.90%,Medium,23.9141%;,
159,Longest Substring with At Most Two Distinct Characters,https://leetcode.com/problems/longest-substring-with-at-most-two-distinct-characters,Y,53.50%,Medium,15.4166%;,
160,Intersection of Two Linked Lists,https://leetcode.com/problems/intersection-of-two-linked-lists,N,53.40%,Easy,0.858184%;,
162,Find Peak Element,https://leetcode.com/problems/find-peak-element,N,46.20%,Medium,5.38548%;,
165,Compare Version Numbers,https://leetcode.com/problems/compare-version-numbers,N,35.40%,Medium,29.347%;,
167,Two Sum II - Input Array Is Sorted,https://leetcode.com/problems/two-sum-ii-input-array-is-sorted,N,60.00%,Medium,16.114%;,
168,Excel Sheet Column Title,https://leetcode.com/problems/excel-sheet-column-title,N,34.80%,Easy,2.5692%;,
169,Majority Element,https://leetcode.com/problems/majority-element,N,63.90%,Easy,9.48009%;,
173,Binary Search Tree Iterator,https://leetcode.com/problems/binary-search-tree-iterator,N,69.20%,Medium,11.9399%;,
175,Combine Two Tables,https://leetcode.com/problems/combine-two-tables,N,73.10%,Easy,3.25329%;,
176,Second Highest Salary,https://leetcode.com/problems/second-highest-salary,N,36.60%,Medium,6.06025%;,
177,Nth Highest Salary,https://leetcode.com/problems/nth-highest-salary,N,37.50%,Medium,12.9019%;,
178,Rank Scores,https://leetcode.com/problems/rank-scores,N,60.10%,Medium,2.7637%;,
179,Largest Number,https://leetcode.com/problems/largest-number,N,34.10%,Medium,11.5127%;,
180,Consecutive Numbers,https://leetcode.com/problems/consecutive-numbers,N,46.80%,Medium,6.82667%;,
181,Employees Earning More Than Their Managers,https://leetcode.com/problems/employees-earning-more-than-their-managers,N,68.60%,Easy,1.57702%;,
183,Customers Who Never Order,https://leetcode.com/problems/customers-who-never-order,N,68.10%,Easy,0.688879%;,
184,Department Highest Salary,https://leetcode.com/problems/department-highest-salary,N,49.70%,Medium,2.44257%;,
185,Department Top Three Salaries,https://leetcode.com/problems/department-top-three-salaries,N,50.10%,Hard,16.4829%;,
188,Best Time to Buy and Sell Stock IV,https://leetcode.com/problems/best-time-to-buy-and-sell-stock-iv,N,38.00%,Hard,23.6439%;,
189,Rotate Array,https://leetcode.com/problems/rotate-array,N,39.20%,Medium,8.55056%;,
190,Reverse Bits,https://leetcode.com/problems/reverse-bits,N,52.40%,Easy,7.88937%;,
191,Number of 1 Bits,https://leetcode.com/problems/number-of-1-bits,N,65.00%,Easy,8.67044%;,
193,Valid Phone Numbers,https://leetcode.com/problems/valid-phone-numbers,N,26.00%,Easy,9.23742%;,
196,Delete Duplicate Emails,https://leetcode.com/problems/delete-duplicate-emails,N,59.00%,Easy,4.29197%;,
197,Rising Temperature,https://leetcode.com/problems/rising-temperature,N,44.60%,Easy,3.93585%;,
198,House Robber,https://leetcode.com/problems/house-robber,N,48.80%,Medium,33.7973%;,
199,Binary Tree Right Side View,https://leetcode.com/problems/binary-tree-right-side-view,N,61.20%,Medium,24.1406%;,
200,Number of Islands,https://leetcode.com/problems/number-of-islands,N,56.40%,Medium,80.2562%;,
202,Happy Number,https://leetcode.com/problems/happy-number,N,54.40%,Easy,6.49479%;,
203,Remove Linked List Elements,https://leetcode.com/problems/remove-linked-list-elements,N,44.90%,Easy,0.857125%;,
204,Count Primes,https://leetcode.com/problems/count-primes,N,33.10%,Medium,4.23389%;,
205,Isomorphic Strings,https://leetcode.com/problems/isomorphic-strings,N,42.60%,Easy,4.7513%;,
206,Reverse Linked List,https://leetcode.com/problems/reverse-linked-list,N,72.50%,Easy,7.12827%;,
207,Course Schedule,https://leetcode.com/problems/course-schedule,N,45.40%,Medium,55.8441%;,
208,Implement Trie (Prefix Tree),https://leetcode.com/problems/implement-trie-prefix-tree,N,61.00%,Medium,15.1699%;,
209,Minimum Size Subarray Sum,https://leetcode.com/problems/minimum-size-subarray-sum,N,44.50%,Medium,1.13415%;,
210,Course Schedule II,https://leetcode.com/problems/course-schedule-ii,N,48.00%,Medium,47.5932%;,
211,Design Add and Search Words Data Structure,https://leetcode.com/problems/design-add-and-search-words-data-structure,N,43.00%,Medium,14.8327%;,
212,Word Search II,https://leetcode.com/problems/word-search-ii,N,36.90%,Hard,42.8948%;,
213,House Robber II,https://leetcode.com/problems/house-robber-ii,N,40.70%,Medium,2.81862%;,
215,Kth Largest Element in an Array,https://leetcode.com/problems/kth-largest-element-in-an-array,N,65.80%,Medium,29.2225%;,
217,Contains Duplicate,https://leetcode.com/problems/contains-duplicate,N,61.30%,Easy,15.6385%;,
218,The Skyline Problem,https://leetcode.com/problems/the-skyline-problem,N,41.60%,Hard,6.16011%;,
219,Contains Duplicate II,https://leetcode.com/problems/contains-duplicate-ii,N,42.30%,Easy,11.8172%;,
220,Contains Duplicate III,https://leetcode.com/problems/contains-duplicate-iii,N,22.00%,Hard,5.74849%;,
221,Maximal Square,https://leetcode.com/problems/maximal-square,N,44.60%,Medium,15.1382%;,
222,Count Complete Tree Nodes,https://leetcode.com/problems/count-complete-tree-nodes,N,59.70%,Medium,3.71078%;,
224,Basic Calculator,https://leetcode.com/problems/basic-calculator,N,41.20%,Hard,32.2893%;,
226,Invert Binary Tree,https://leetcode.com/problems/invert-binary-tree,N,73.30%,Easy,8.37921%;,
227,Basic Calculator II,https://leetcode.com/problems/basic-calculator-ii,N,42.20%,Medium,46.3177%;,
230,Kth Smallest Element in a BST,https://leetcode.com/problems/kth-smallest-element-in-a-bst,N,69.40%,Medium,5.62457%;,
231,Power of Two,https://leetcode.com/problems/power-of-two,N,45.70%,Easy,2.07361%;,
232,Implement Queue using Stacks,https://leetcode.com/problems/implement-queue-using-stacks,N,61.30%,Easy,8.74861%;,
234,Palindrome Linked List,https://leetcode.com/problems/palindrome-linked-list,N,49.60%,Easy,14.3147%;,
235,Lowest Common Ancestor of a Binary Search Tree,https://leetcode.com/problems/lowest-common-ancestor-of-a-binary-search-tree,N,60.30%,Medium,7.82009%;,
236,Lowest Common Ancestor of a Binary Tree,https://leetcode.com/problems/lowest-common-ancestor-of-a-binary-tree,N,58.10%,Medium,43.3451%;,
237,Delete Node in a Linked List,https://leetcode.com/problems/delete-node-in-a-linked-list,N,75.30%,Medium,11.2657%;,
238,Product of Array Except Self,https://leetcode.com/problems/product-of-array-except-self,N,64.70%,Medium,22.7322%;,
239,Sliding Window Maximum,https://leetcode.com/problems/sliding-window-maximum,N,46.60%,Hard,55.9204%;,
240,Search a 2D Matrix II,https://leetcode.com/problems/search-a-2d-matrix-ii,N,50.60%,Medium,13.215%;,
242,Valid Anagram,https://leetcode.com/problems/valid-anagram,N,62.80%,Easy,22.6983%;,
243,Shortest Word Distance,https://leetcode.com/problems/shortest-word-distance,Y,64.90%,Easy,25.7592%;,
244,Shortest Word Distance II,https://leetcode.com/problems/shortest-word-distance-ii,Y,60.70%,Medium,12.2646%;,
249,Group Shifted Strings,https://leetcode.com/problems/group-shifted-strings,Y,64.30%,Medium,35.1903%;,
252,Meeting Rooms,https://leetcode.com/problems/meeting-rooms,Y,57.10%,Easy,2.93943%;,
253,Meeting Rooms II,https://leetcode.com/problems/meeting-rooms-ii,Y,50.50%,Medium,66.3116%;,
256,Paint House,https://leetcode.com/problems/paint-house,Y,60.70%,Medium,13.3308%;,
257,Binary Tree Paths,https://leetcode.com/problems/binary-tree-paths,N,60.70%,Easy,4.8577%;,
258,Add Digits,https://leetcode.com/problems/add-digits,N,63.50%,Easy,3.82938%;,
261,Graph Valid Tree,https://leetcode.com/problems/graph-valid-tree,Y,46.90%,Medium,3.41778%;,
262,Trips and Users,https://leetcode.com/problems/trips-and-users,N,38.40%,Hard,5.94712%;,
265,Paint House II,https://leetcode.com/problems/paint-house-ii,Y,52.40%,Hard,10.2126%;,
268,Missing Number,https://leetcode.com/problems/missing-number,N,61.70%,Easy,12.2701%;,
269,Alien Dictionary,https://leetcode.com/problems/alien-dictionary,Y,35.30%,Hard,20.2765%;,
271,Encode and Decode Strings,https://leetcode.com/problems/encode-and-decode-strings,Y,41.70%,Medium,5.70091%;,
273,Integer to English Words,https://leetcode.com/problems/integer-to-english-words,N,29.90%,Hard,73.0024%;,
277,Find the Celebrity,https://leetcode.com/problems/find-the-celebrity,Y,46.50%,Medium,31.1313%;,
278,First Bad Version,https://leetcode.com/problems/first-bad-version,N,43.00%,Easy,5.96322%;,
279,Perfect Squares,https://leetcode.com/problems/perfect-squares,N,52.10%,Medium,16.4719%;,
283,Move Zeroes,https://leetcode.com/problems/move-zeroes,N,61.40%,Easy,3.58278%;,
286,Walls and Gates,https://leetcode.com/problems/walls-and-gates,Y,60.30%,Medium,27.6211%;,
287,Find the Duplicate Number,https://leetcode.com/problems/find-the-duplicate-number,N,59.10%,Medium,22.7339%;,
289,Game of Life,https://leetcode.com/problems/game-of-life,N,66.80%,Medium,27.4639%;,
295,Find Median from Data Stream,https://leetcode.com/problems/find-median-from-data-stream,N,51.50%,Hard,51.8142%;,
297,Serialize and Deserialize Binary Tree,https://leetcode.com/problems/serialize-and-deserialize-binary-tree,N,55.00%,Hard,44.9716%;,
299,Bulls and Cows,https://leetcode.com/problems/bulls-and-cows,N,48.70%,Medium,13.4028%;,
300,Longest Increasing Subsequence,https://leetcode.com/problems/longest-increasing-subsequence,N,51.60%,Medium,7.8055%;,
301,Remove Invalid Parentheses,https://leetcode.com/problems/remove-invalid-parentheses,N,47.10%,Hard,8.33243%;,
304,Range Sum Query 2D - Immutable,https://leetcode.com/problems/range-sum-query-2d-immutable,N,52.20%,Medium,17.6429%;,
305,Number of Islands II,https://leetcode.com/problems/number-of-islands-ii,Y,39.40%,Hard,14.7215%;,
307,Range Sum Query - Mutable,https://leetcode.com/problems/range-sum-query-mutable,N,40.70%,Medium,6.33026%;,
309,Best Time to Buy and Sell Stock with Cooldown,https://leetcode.com/problems/best-time-to-buy-and-sell-stock-with-cooldown,N,54.60%,Medium,2.91471%;,
310,Minimum Height Trees,https://leetcode.com/problems/minimum-height-trees,N,38.50%,Medium,3.63291%;,
314,Binary Tree Vertical Order Traversal,https://leetcode.com/problems/binary-tree-vertical-order-traversal,Y,52.10%,Medium,13.3308%;,
315,Count of Smaller Numbers After Self,https://leetcode.com/problems/count-of-smaller-numbers-after-self,N,42.80%,Hard,7.87321%;,
316,Remove Duplicate Letters,https://leetcode.com/problems/remove-duplicate-letters,N,44.60%,Medium,12.4362%;,
318,Maximum Product of Word Lengths,https://leetcode.com/problems/maximum-product-of-word-lengths,N,60.10%,Medium,16.843%;,
322,Coin Change,https://leetcode.com/problems/coin-change,N,41.60%,Medium,33.9647%;,
323,Number of Connected Components in an Undirected Graph,https://leetcode.com/problems/number-of-connected-components-in-an-undirected-graph,Y,62.10%,Medium,10.8714%;,
324,Wiggle Sort II,https://leetcode.com/problems/wiggle-sort-ii,N,33.00%,Medium,13.6992%;,
328,Odd Even Linked List,https://leetcode.com/problems/odd-even-linked-list,N,60.30%,Medium,9.06481%;,
329,Longest Increasing Path in a Matrix,https://leetcode.com/problems/longest-increasing-path-in-a-matrix,N,52.20%,Hard,21.0655%;,
332,Reconstruct Itinerary,https://leetcode.com/problems/reconstruct-itinerary,N,41.00%,Hard,5.10941%;,
333,Largest BST Subtree,https://leetcode.com/problems/largest-bst-subtree,Y,42.50%,Medium,15.0606%;,
336,Palindrome Pairs,https://leetcode.com/problems/palindrome-pairs,N,35.20%,Hard,11.2349%;,
337,House Robber III,https://leetcode.com/problems/house-robber-iii,N,53.90%,Medium,30.4706%;,
339,Nested List Weight Sum,https://leetcode.com/problems/nested-list-weight-sum,Y,82.20%,Medium,14.6484%;,
340,Longest Substring with At Most K Distinct Characters,https://leetcode.com/problems/longest-substring-with-at-most-k-distinct-characters,Y,47.80%,Medium,29.4431%;,
342,Power of Four,https://leetcode.com/problems/power-of-four,N,45.70%,Easy,1.98784%;,
344,Reverse String,https://leetcode.com/problems/reverse-string,N,76.20%,Easy,2.67007%;,
346,Moving Average from Data Stream,https://leetcode.com/problems/moving-average-from-data-stream,Y,77.10%,Easy,12.5469%;,
347,Top K Frequent Elements,https://leetcode.com/problems/top-k-frequent-elements,N,64.80%,Medium,36.1359%;,
348,Design Tic-Tac-Toe,https://leetcode.com/problems/design-tic-tac-toe,Y,57.60%,Medium,50.7365%;,
349,Intersection of Two Arrays,https://leetcode.com/problems/intersection-of-two-arrays,N,70.30%,Easy,6.80981%;,
350,Intersection of Two Arrays II,https://leetcode.com/problems/intersection-of-two-arrays-ii,N,55.60%,Easy,2.94567%;,
353,Design Snake Game,https://leetcode.com/problems/design-snake-game,Y,39.10%,Medium,11.0501%;,
354,Russian Doll Envelopes,https://leetcode.com/problems/russian-doll-envelopes,N,38.30%,Hard,14.9743%;,
362,Design Hit Counter,https://leetcode.com/problems/design-hit-counter,Y,68.40%,Medium,22.9524%;,
363,Max Sum of Rectangle No Larger Than K,https://leetcode.com/problems/max-sum-of-rectangle-no-larger-than-k,N,44.10%,Hard,25.9837%;,
366,Find Leaves of Binary Tree,https://leetcode.com/problems/find-leaves-of-binary-tree,Y,80.10%,Medium,34.7751%;,
367,Valid Perfect Square,https://leetcode.com/problems/valid-perfect-square,N,43.30%,Easy,11.6922%;,
373,Find K Pairs with Smallest Sums,https://leetcode.com/problems/find-k-pairs-with-smallest-sums,N,38.30%,Medium,30.6958%;,
377,Combination Sum IV,https://leetcode.com/problems/combination-sum-iv,N,52.10%,Medium,7.45367%;,
378,Kth Smallest Element in a Sorted Matrix,https://leetcode.com/problems/kth-smallest-element-in-a-sorted-matrix,N,61.60%,Medium,13.5345%;,
380,Insert Delete GetRandom O(1),https://leetcode.com/problems/insert-delete-getrandom-o1,N,52.00%,Medium,33.9317%;,
381,Insert Delete GetRandom O(1) - Duplicates allowed,https://leetcode.com/problems/insert-delete-getrandom-o1-duplicates-allowed,N,35.70%,Hard,11.8533%;,
383,Ransom Note,https://leetcode.com/problems/ransom-note,N,57.60%,Easy,19.8147%;,
387,First Unique Character in a String,https://leetcode.com/problems/first-unique-character-in-a-string,N,59.00%,Easy,20.4803%;,
390,Elimination Game,https://leetcode.com/problems/elimination-game,N,46.50%,Medium,8.13372%;,
392,Is Subsequence,https://leetcode.com/problems/is-subsequence,N,49.00%,Easy,4.13721%;,
394,Decode String,https://leetcode.com/problems/decode-string,N,57.60%,Medium,24.2782%;,
395,Longest Substring with At Least K Repeating Characters,https://leetcode.com/problems/longest-substring-with-at-least-k-repeating-characters,N,44.80%,Medium,4.36651%;,
397,Integer Replacement,https://leetcode.com/problems/integer-replacement,N,35.10%,Medium,10.5314%;,
399,Evaluate Division,https://leetcode.com/problems/evaluate-division,N,59.60%,Medium,50.8975%;,
402,Remove K Digits,https://leetcode.com/problems/remove-k-digits,N,30.50%,Medium,10.9156%;,
403,Frog Jump,https://leetcode.com/problems/frog-jump,N,43.10%,Hard,15.4166%;,
406,Queue Reconstruction by Height,https://leetcode.com/problems/queue-reconstruction-by-height,N,72.80%,Medium,9.76992%;,
407,Trapping Rain Water II,https://leetcode.com/problems/trapping-rain-water-ii,N,47.50%,Hard,19.8963%;,
409,Longest Palindrome,https://leetcode.com/problems/longest-palindrome,N,54.60%,Easy,5.31245%;,
410,Split Array Largest Sum,https://leetcode.com/problems/split-array-largest-sum,N,53.30%,Hard,18.7251%;,
412,Fizz Buzz,https://leetcode.com/problems/fizz-buzz,N,68.90%,Easy,4.82002%;,
414,Third Maximum Number,https://leetcode.com/problems/third-maximum-number,N,32.60%,Easy,6.44907%;,
415,Add Strings,https://leetcode.com/problems/add-strings,N,52.60%,Easy,4.02748%;,
416,Partition Equal Subset Sum,https://leetcode.com/problems/partition-equal-subset-sum,N,46.60%,Medium,5.05328%;,
417,Pacific Atlantic Water Flow,https://leetcode.com/problems/pacific-atlantic-water-flow,N,54.00%,Medium,23.3085%;,
419,Battleships in a Board,https://leetcode.com/problems/battleships-in-a-board,N,74.70%,Medium,6.05172%;,
420,Strong Password Checker,https://leetcode.com/problems/strong-password-checker,N,14.30%,Hard,31.9628%;,
421,Maximum XOR of Two Numbers in an Array,https://leetcode.com/problems/maximum-xor-of-two-numbers-in-an-array,N,54.50%,Medium,10.5314%;,
424,Longest Repeating Character Replacement,https://leetcode.com/problems/longest-repeating-character-replacement,N,51.50%,Medium,19.8963%;,
432,All O`one Data Structure,https://leetcode.com/problems/all-oone-data-structure,N,36.70%,Hard,22.5746%;,
433,Minimum Genetic Mutation,https://leetcode.com/problems/minimum-genetic-mutation,N,52.00%,Medium,4.96245%;,
435,Non-overlapping Intervals,https://leetcode.com/problems/non-overlapping-intervals,N,49.90%,Medium,4.10177%;,
437,Path Sum III,https://leetcode.com/problems/path-sum-iii,N,48.70%,Medium,12.0432%;,
438,Find All Anagrams in a String,https://leetcode.com/problems/find-all-anagrams-in-a-string,N,49.00%,Medium,19.3228%;,
441,Arranging Coins,https://leetcode.com/problems/arranging-coins,N,46.10%,Easy,5.3795%;,
442,Find All Duplicates in an Array,https://leetcode.com/problems/find-all-duplicates-in-an-array,N,73.40%,Medium,15.4765%;,
443,String Compression,https://leetcode.com/problems/string-compression,N,48.90%,Medium,10.9156%;,
445,Add Two Numbers II,https://leetcode.com/problems/add-two-numbers-ii,N,59.50%,Medium,15.6541%;,
448,Find All Numbers Disappeared in an Array,https://leetcode.com/problems/find-all-numbers-disappeared-in-an-array,N,59.70%,Easy,1.40478%;,
449,Serialize and Deserialize BST,https://leetcode.com/problems/serialize-and-deserialize-bst,N,56.80%,Medium,23.687%;,
450,Delete Node in a BST,https://leetcode.com/problems/delete-node-in-a-bst,N,50.00%,Medium,2.95194%;,
451,Sort Characters By Frequency,https://leetcode.com/problems/sort-characters-by-frequency,N,68.60%,Medium,3.27249%;,
452,Minimum Number of Arrows to Burst Balloons,https://leetcode.com/problems/minimum-number-of-arrows-to-burst-balloons,N,53.20%,Medium,6.05172%;,
453,Minimum Moves to Equal Array Elements,https://leetcode.com/problems/minimum-moves-to-equal-array-elements,N,55.70%,Medium,7.76389%;,
455,Assign Cookies,https://leetcode.com/problems/assign-cookies,N,50.50%,Easy,3.21182%;,
456,132 Pattern,https://leetcode.com/problems/132-pattern,N,32.50%,Medium,5.79688%;,
458,Poor Pigs,https://leetcode.com/problems/poor-pigs,N,64.40%,Hard,11.2349%;,
460,LFU Cache,https://leetcode.com/problems/lfu-cache,N,40.40%,Hard,40.1815%;,
462,Minimum Moves to Equal Array Elements II,https://leetcode.com/problems/minimum-moves-to-equal-array-elements-ii,N,60.20%,Medium,17.4543%;,
463,Island Perimeter,https://leetcode.com/problems/island-perimeter,N,69.50%,Easy,2.80847%;,
465,Optimal Account Balancing,https://leetcode.com/problems/optimal-account-balancing,Y,49.30%,Hard,16.6017%;,
472,Concatenated Words,https://leetcode.com/problems/concatenated-words,N,45.80%,Hard,93.1081%;,
474,Ones and Zeroes,https://leetcode.com/problems/ones-and-zeroes,N,46.70%,Medium,6.33026%;,
475,Heaters,https://leetcode.com/problems/heaters,N,36.10%,Medium,11.83%;,
480,Sliding Window Median,https://leetcode.com/problems/sliding-window-median,N,41.40%,Hard,22.7875%;,
490,The Maze,https://leetcode.com/problems/the-maze,Y,55.40%,Medium,8.23186%;,
493,Reverse Pairs,https://leetcode.com/problems/reverse-pairs,N,30.90%,Hard,25.6173%;,
494,Target Sum,https://leetcode.com/problems/target-sum,N,45.60%,Medium,4.668%;,
496,Next Greater Element I,https://leetcode.com/problems/next-greater-element-i,N,71.40%,Easy,24.3059%;,
502,IPO,https://leetcode.com/problems/ipo,N,44.90%,Hard,14.7215%;,
503,Next Greater Element II,https://leetcode.com/problems/next-greater-element-ii,N,63.10%,Medium,28.1721%;,
506,Relative Ranks,https://leetcode.com/problems/relative-ranks,N,59.10%,Easy,5.74849%;,
516,Longest Palindromic Subsequence,https://leetcode.com/problems/longest-palindromic-subsequence,N,60.70%,Medium,6.09941%;,
518,Coin Change II,https://leetcode.com/problems/coin-change-ii,N,59.90%,Medium,21.999%;,
523,Continuous Subarray Sum,https://leetcode.com/problems/continuous-subarray-sum,N,28.50%,Medium,8.6224%;,
525,Contiguous Array,https://leetcode.com/problems/contiguous-array,N,46.80%,Medium,6.51018%;,
527,Word Abbreviation,https://leetcode.com/problems/word-abbreviation,Y,60.30%,Hard,46.2616%;,
529,Minesweeper,https://leetcode.com/problems/minesweeper,N,65.50%,Medium,9.11345%;,
530,Minimum Absolute Difference in BST,https://leetcode.com/problems/minimum-absolute-difference-in-bst,N,56.80%,Easy,4.53854%;,
531,Lonely Pixel I,https://leetcode.com/problems/lonely-pixel-i,Y,62.10%,Medium,33.0855%;,
538,Convert BST to Greater Tree,https://leetcode.com/problems/convert-bst-to-greater-tree,N,67.40%,Medium,35.1133%;,
539,Minimum Time Difference,https://leetcode.com/problems/minimum-time-difference,N,56.30%,Medium,6.51018%;,
540,Single Element in a Sorted Array,https://leetcode.com/problems/single-element-in-a-sorted-array,N,58.50%,Medium,39.8822%;,
542,01 Matrix,https://leetcode.com/problems/01-matrix,N,44.20%,Medium,20.5452%;,
543,Diameter of Binary Tree,https://leetcode.com/problems/diameter-of-binary-tree,N,56.10%,Easy,22.305%;,
545,Boundary of Binary Tree,https://leetcode.com/problems/boundary-of-binary-tree,Y,44.30%,Medium,57.8269%;,
547,Number of Provinces,https://leetcode.com/problems/number-of-provinces,N,63.30%,Medium,40.2711%;,
1730,Shortest Path to Get Food,https://leetcode.com/problems/shortest-path-to-get-food,Y,54.10%,Medium,32.3468%;,
556,Next Greater Element III,https://leetcode.com/problems/next-greater-element-iii,N,34.10%,Medium,42.6427%;,
557,Reverse Words in a String III,https://leetcode.com/problems/reverse-words-in-a-string-iii,N,81.60%,Easy,1.39351%;,
560,Subarray Sum Equals K,https://leetcode.com/problems/subarray-sum-equals-k,N,44.00%,Medium,32.0896%;,
567,Permutation in String,https://leetcode.com/problems/permutation-in-string,N,43.70%,Medium,8.5413%;,
572,Subtree of Another Tree,https://leetcode.com/problems/subtree-of-another-tree,N,46.00%,Easy,9.94543%;,
576,Out of Boundary Paths,https://leetcode.com/problems/out-of-boundary-paths,N,44.30%,Medium,14.3983%;,
581,Shortest Unsorted Continuous Subarray,https://leetcode.com/problems/shortest-unsorted-continuous-subarray,N,36.30%,Medium,18.6643%;,
583,Delete Operation for Two Strings,https://leetcode.com/problems/delete-operation-for-two-strings,N,59.40%,Medium,4.4797%;,
584,Find Customer Referee,https://leetcode.com/problems/find-customer-referee,N,73.00%,Easy,1.6369%;,
588,Design In-Memory File System,https://leetcode.com/problems/design-in-memory-file-system,Y,48.80%,Hard,65.327%;,
595,Big Countries,https://leetcode.com/problems/big-countries,N,73.30%,Easy,3.40434%;,
603,Consecutive Available Seats,https://leetcode.com/problems/consecutive-available-seats,Y,68.30%,Easy,9.49603%;,
606,Construct String from Binary Tree,https://leetcode.com/problems/construct-string-from-binary-tree,N,63.60%,Easy,6.2725%;,
609,Find Duplicate File in System,https://leetcode.com/problems/find-duplicate-file-in-system,N,67.80%,Medium,14.0897%;,
618,Students Report By Geography,https://leetcode.com/problems/students-report-by-geography,Y,64.30%,Hard,26.6516%;,
621,Task Scheduler,https://leetcode.com/problems/task-scheduler,N,55.80%,Medium,18.1911%;,
623,Add One Row to Tree,https://leetcode.com/problems/add-one-row-to-tree,N,59.50%,Medium,11.6245%;,
628,Maximum Product of Three Numbers,https://leetcode.com/problems/maximum-product-of-three-numbers,N,46.40%,Easy,6.24716%;,
632,Smallest Range Covering Elements from K Lists,https://leetcode.com/problems/smallest-range-covering-elements-from-k-lists,N,60.60%,Hard,43.5016%;,
636,Exclusive Time of Functions,https://leetcode.com/problems/exclusive-time-of-functions,N,61.10%,Medium,22.4815%;,
642,Design Search Autocomplete System,https://leetcode.com/problems/design-search-autocomplete-system,Y,48.70%,Hard,22.1174%;,
645,Set Mismatch,https://leetcode.com/problems/set-mismatch,N,43.00%,Easy,7.87321%;,
646,Maximum Length of Pair Chain,https://leetcode.com/problems/maximum-length-of-pair-chain,N,56.40%,Medium,8.43555%;,
647,Palindromic Substrings,https://leetcode.com/problems/palindromic-substrings,N,66.40%,Medium,13.4513%;,
648,Replace Words,https://leetcode.com/problems/replace-words,N,62.70%,Medium,9.3649%;,
652,Find Duplicate Subtrees,https://leetcode.com/problems/find-duplicate-subtrees,N,56.50%,Medium,7.5915%;,
653,Two Sum IV - Input is a BST,https://leetcode.com/problems/two-sum-iv-input-is-a-bst,N,61.00%,Easy,21.622%;,
657,Robot Return to Origin,https://leetcode.com/problems/robot-return-to-origin,N,75.30%,Easy,4.8577%;,
658,Find K Closest Elements,https://leetcode.com/problems/find-k-closest-elements,N,46.80%,Medium,29.1472%;,
662,Maximum Width of Binary Tree,https://leetcode.com/problems/maximum-width-of-binary-tree,N,40.60%,Medium,9.8053%;,
665,Non-decreasing Array,https://leetcode.com/problems/non-decreasing-array,N,24.20%,Medium,16.3908%;,
669,Trim a Binary Search Tree,https://leetcode.com/problems/trim-a-binary-search-tree,N,66.30%,Medium,6.10543%;,
670,Maximum Swap,https://leetcode.com/problems/maximum-swap,N,47.90%,Medium,16.6494%;,
673,Number of Longest Increasing Subsequence,https://leetcode.com/problems/number-of-longest-increasing-subsequence,N,42.30%,Medium,18.9445%;,
678,Valid Parenthesis String,https://leetcode.com/problems/valid-parenthesis-string,N,33.90%,Medium,4.89212%;,
680,Valid Palindrome II,https://leetcode.com/problems/valid-palindrome-ii,N,39.30%,Easy,1.99929%;,
681,Next Closest Time,https://leetcode.com/problems/next-closest-time,Y,46.40%,Medium,27.9635%;,
684,Redundant Connection,https://leetcode.com/problems/redundant-connection,N,62.00%,Medium,6.82667%;,
688,Knight Probability in Chessboard,https://leetcode.com/problems/knight-probability-in-chessboard,N,52.10%,Medium,36.4372%;,
690,Employee Importance,https://leetcode.com/problems/employee-importance,N,65.20%,Medium,10.8714%;,
692,Top K Frequent Words,https://leetcode.com/problems/top-k-frequent-words,N,56.90%,Medium,22.9024%;,
694,Number of Distinct Islands,https://leetcode.com/problems/number-of-distinct-islands,Y,60.60%,Medium,30.1647%;,
695,Max Area of Island,https://leetcode.com/problems/max-area-of-island,N,71.70%,Medium,25.9623%;,
696,Count Binary Substrings,https://leetcode.com/problems/count-binary-substrings,N,65.60%,Easy,21.5744%;,
698,Partition to K Equal Sum Subsets,https://leetcode.com/problems/partition-to-k-equal-sum-subsets,N,40.80%,Medium,17.5652%;,
715,Range Module,https://leetcode.com/problems/range-module,N,44.70%,Hard,20.7845%;,
716,Max Stack,https://leetcode.com/problems/max-stack,Y,45.30%,Hard,18.8344%;,
719,Find K-th Smallest Pair Distance,https://leetcode.com/problems/find-k-th-smallest-pair-distance,N,36.40%,Hard,76.9036%;,
721,Accounts Merge,https://leetcode.com/problems/accounts-merge,N,56.40%,Medium,19.088%;,
724,Find Pivot Index,https://leetcode.com/problems/find-pivot-index,N,53.40%,Easy,9.07522%;,
729,My Calendar I,https://leetcode.com/problems/my-calendar-i,N,57.20%,Medium,7.95471%;,
733,Flood Fill,https://leetcode.com/problems/flood-fill,N,60.60%,Easy,23.3166%;,
735,Asteroid Collision,https://leetcode.com/problems/asteroid-collision,N,44.40%,Medium,43.967%;,
739,Daily Temperatures,https://leetcode.com/problems/daily-temperatures,N,66.60%,Medium,20.6549%;,
740,Delete and Earn,https://leetcode.com/problems/delete-and-earn,N,57.40%,Medium,17.8893%;,
743,Network Delay Time,https://leetcode.com/problems/network-delay-time,N,51.50%,Medium,2.434%;,
746,Min Cost Climbing Stairs,https://leetcode.com/problems/min-cost-climbing-stairs,N,62.50%,Easy,4.84135%;,
752,Open the Lock,https://leetcode.com/problems/open-the-lock,N,55.50%,Medium,17.2711%;,
429,N-ary Tree Level Order Traversal,https://leetcode.com/problems/n-ary-tree-level-order-traversal,N,70.60%,Medium,21.0493%;,
428,Serialize and Deserialize N-ary Tree,https://leetcode.com/problems/serialize-and-deserialize-n-ary-tree,Y,65.50%,Hard,18.3486%;,
430,Flatten a Multilevel Doubly Linked List,https://leetcode.com/problems/flatten-a-multilevel-doubly-linked-list,N,59.50%,Medium,8.08023%;,
763,Partition Labels,https://leetcode.com/problems/partition-labels,N,79.80%,Medium,9.84095%;,
767,Reorganize String,https://leetcode.com/problems/reorganize-string,N,52.80%,Medium,58.4964%;,
772,Basic Calculator III,https://leetcode.com/problems/basic-calculator-iii,Y,48.60%,Hard,35.9618%;,
773,Sliding Puzzle,https://leetcode.com/problems/sliding-puzzle,N,63.90%,Hard,17.8893%;,
703,Kth Largest Element in a Stream,https://leetcode.com/problems/kth-largest-element-in-a-stream,N,55.50%,Easy,8.28183%;,
704,Binary Search,https://leetcode.com/problems/binary-search,N,55.10%,Easy,1.16165%;,
777,Swap Adjacent in LR String,https://leetcode.com/problems/swap-adjacent-in-lr-string,N,37.10%,Medium,17.6689%;,
778,Swim in Rising Water,https://leetcode.com/problems/swim-in-rising-water,N,59.70%,Hard,6.903%;,
779,K-th Symbol in Grammar,https://leetcode.com/problems/k-th-symbol-in-grammar,N,40.90%,Medium,12.7609%;,
781,Rabbits in Forest,https://leetcode.com/problems/rabbits-in-forest,N,55.20%,Medium,24.9931%;,
784,Letter Case Permutation,https://leetcode.com/problems/letter-case-permutation,N,73.50%,Medium,4.56854%;,
785,Is Graph Bipartite?,https://leetcode.com/problems/is-graph-bipartite,N,52.70%,Medium,17.5074%;,
787,Cheapest Flights Within K Stops,https://leetcode.com/problems/cheapest-flights-within-k-stops,N,35.90%,Medium,27.5794%;,
790,Domino and Tromino Tiling,https://leetcode.com/problems/domino-and-tromino-tiling,N,48.40%,Medium,12.7337%;,
792,Number of Matching Subsequences,https://leetcode.com/problems/number-of-matching-subsequences,N,51.90%,Medium,15.4166%;,
796,Rotate String,https://leetcode.com/problems/rotate-string,N,54.20%,Easy,11.6245%;,
706,Design HashMap,https://leetcode.com/problems/design-hashmap,N,65.00%,Easy,14.0897%;,
802,Find Eventual Safe States,https://leetcode.com/problems/find-eventual-safe-states,N,55.30%,Medium,12.673%;,
804,Unique Morse Code Words,https://leetcode.com/problems/unique-morse-code-words,N,82.70%,Easy,4.36651%;,
814,Binary Tree Pruning,https://leetcode.com/problems/binary-tree-pruning,N,72.60%,Medium,6.70077%;,
815,Bus Routes,https://leetcode.com/problems/bus-routes,N,45.70%,Hard,20.383%;,
818,Race Car,https://leetcode.com/problems/race-car,N,43.50%,Hard,53.9446%;,
819,Most Common Word,https://leetcode.com/problems/most-common-word,N,44.90%,Easy,5.34705%;,
823,Binary Trees With Factors,https://leetcode.com/problems/binary-trees-with-factors,N,50.00%,Medium,30.6869%;,
826,Most Profit Assigning Work,https://leetcode.com/problems/most-profit-assigning-work,N,44.50%,Medium,13.2126%;,
827,Making A Large Island,https://leetcode.com/problems/making-a-large-island,N,44.70%,Hard,37.7417%;,
828,Count Unique Characters of All Substrings of a Given String,https://leetcode.com/problems/count-unique-characters-of-all-substrings-of-a-given-string,N,51.70%,Hard,87.2043%;,
622,Design Circular Queue,https://leetcode.com/problems/design-circular-queue,N,51.80%,Medium,8.52941%;,
489,Robot Room Cleaner,https://leetcode.com/problems/robot-room-cleaner,Y,76.50%,Hard,38.88%;,
836,Rectangle Overlap,https://leetcode.com/problems/rectangle-overlap,N,43.60%,Easy,0.590029%;,
838,Push Dominoes,https://leetcode.com/problems/push-dominoes,N,57.00%,Medium,25.4772%;,
841,Keys and Rooms,https://leetcode.com/problems/keys-and-rooms,N,70.20%,Medium,16.1532%;,
847,Shortest Path Visiting All Nodes,https://leetcode.com/problems/shortest-path-visiting-all-nodes,N,61.30%,Hard,24.9931%;,
849,Maximize Distance to Closest Person,https://leetcode.com/problems/maximize-distance-to-closest-person,N,47.60%,Medium,7.8531%;,
852,Peak Index in a Mountain Array,https://leetcode.com/problems/peak-index-in-a-mountain-array,N,69.40%,Medium,11.0703%;,
857,Minimum Cost to Hire K Workers,https://leetcode.com/problems/minimum-cost-to-hire-k-workers,N,52.00%,Hard,15.4166%;,
862,Shortest Subarray with Sum at Least K,https://leetcode.com/problems/shortest-subarray-with-sum-at-least-k,N,26.10%,Hard,8.23186%;,
863,All Nodes Distance K in Binary Tree,https://leetcode.com/problems/all-nodes-distance-k-in-binary-tree,N,62.10%,Medium,57.8269%;,
867,Transpose Matrix,https://leetcode.com/problems/transpose-matrix,N,63.40%,Easy,8.03794%;,
871,Minimum Number of Refueling Stops,https://leetcode.com/problems/minimum-number-of-refueling-stops,N,39.90%,Hard,38.2393%;,
875,Koko Eating Bananas,https://leetcode.com/problems/koko-eating-bananas,N,52.20%,Medium,37.5164%;,
876,Middle of the Linked List,https://leetcode.com/problems/middle-of-the-linked-list,N,73.90%,Easy,1.46864%;,
528,Random Pick with Weight,https://leetcode.com/problems/random-pick-with-weight,N,46.10%,Medium,4.33911%;,
886,Possible Bipartition,https://leetcode.com/problems/possible-bipartition,N,48.40%,Medium,6.2725%;,
889,Construct Binary Tree from Preorder and Postorder Traversal,https://leetcode.com/problems/construct-binary-tree-from-preorder-and-postorder-traversal,N,70.80%,Medium,12.2646%;,
894,All Possible Full Binary Trees,https://leetcode.com/problems/all-possible-full-binary-trees,N,80.00%,Medium,16.843%;,
895,Maximum Frequency Stack,https://leetcode.com/problems/maximum-frequency-stack,N,66.80%,Hard,33.3224%;,
901,Online Stock Span,https://leetcode.com/problems/online-stock-span,N,65.20%,Medium,16.5506%;,
903,Valid Permutations for DI Sequence,https://leetcode.com/problems/valid-permutations-for-di-sequence,N,57.70%,Hard,41.6627%;,
904,Fruit Into Baskets,https://leetcode.com/problems/fruit-into-baskets,N,42.60%,Medium,16.5506%;,
907,Sum of Subarray Minimums,https://leetcode.com/problems/sum-of-subarray-minimums,N,34.30%,Medium,44.0606%;,
909,Snakes and Ladders,https://leetcode.com/problems/snakes-and-ladders,N,40.90%,Medium,40.7267%;,
912,Sort an Array,https://leetcode.com/problems/sort-an-array,N,59.50%,Medium,6.68445%;,
921,Minimum Add to Make Parentheses Valid,https://leetcode.com/problems/minimum-add-to-make-parentheses-valid,N,76.20%,Medium,4.92703%;,
926,Flip String to Monotone Increasing,https://leetcode.com/problems/flip-string-to-monotone-increasing,N,59.60%,Medium,18.5275%;,
929,Unique Email Addresses,https://leetcode.com/problems/unique-email-addresses,N,67.20%,Easy,3.65207%;,
931,Minimum Falling Path Sum,https://leetcode.com/problems/minimum-falling-path-sum,N,68.50%,Medium,9.19572%;,
934,Shortest Bridge,https://leetcode.com/problems/shortest-bridge,N,54.00%,Medium,23.5284%;,
937,Reorder Data in Log Files,https://leetcode.com/problems/reorder-data-in-log-files,N,56.40%,Medium,91.001%;,
941,Valid Mountain Array,https://leetcode.com/problems/valid-mountain-array,N,33.50%,Easy,3.3037%;,
947,Most Stones Removed with Same Row or Column,https://leetcode.com/problems/most-stones-removed-with-same-row-or-column,N,58.80%,Medium,1.65598%;,
949,Largest Time for Given Digits,https://leetcode.com/problems/largest-time-for-given-digits,N,35.20%,Medium,22.4815%;,
953,Verifying an Alien Dictionary,https://leetcode.com/problems/verifying-an-alien-dictionary,N,52.70%,Easy,8.3894%;,
958,Check Completeness of a Binary Tree,https://leetcode.com/problems/check-completeness-of-a-binary-tree,N,53.80%,Medium,10.3695%;,
962,Maximum Width Ramp,https://leetcode.com/problems/maximum-width-ramp,N,49.00%,Medium,26.6516%;,
968,Binary Tree Cameras,https://leetcode.com/problems/binary-tree-cameras,N,46.80%,Hard,28.0752%;,
509,Fibonacci Number,https://leetcode.com/problems/fibonacci-number,N,69.20%,Easy,4.1873%;,
973,K Closest Points to Origin,https://leetcode.com/problems/k-closest-points-to-origin,N,65.80%,Medium,70.9466%;,
977,Squares of a Sorted Array,https://leetcode.com/problems/squares-of-a-sorted-array,N,71.90%,Easy,7.6821%;,
979,Distribute Coins in Binary Tree,https://leetcode.com/problems/distribute-coins-in-binary-tree,N,72.10%,Medium,37.183%;,
981,Time Based Key-Value Store,https://leetcode.com/problems/time-based-key-value-store,N,53.40%,Medium,35.3204%;,
983,Minimum Cost For Tickets,https://leetcode.com/problems/minimum-cost-for-tickets,N,64.40%,Medium,33.9317%;,
987,Vertical Order Traversal of a Binary Tree,https://leetcode.com/problems/vertical-order-traversal-of-a-binary-tree,N,44.70%,Hard,30.2917%;,
990,Satisfiability of Equality Equations,https://leetcode.com/problems/satisfiability-of-equality-equations,N,50.70%,Medium,16.0961%;,
992,Subarrays with K Different Integers,https://leetcode.com/problems/subarrays-with-k-different-integers,N,54.40%,Hard,12.6529%;,
993,Cousins in Binary Tree,https://leetcode.com/problems/cousins-in-binary-tree,N,54.20%,Easy,19.2754%;,
994,Rotting Oranges,https://leetcode.com/problems/rotting-oranges,N,52.50%,Medium,51.8456%;,
1004,Max Consecutive Ones III,https://leetcode.com/problems/max-consecutive-ones-iii,N,63.40%,Medium,4.668%;,
1008,Construct Binary Search Tree from Preorder Traversal,https://leetcode.com/problems/construct-binary-search-tree-from-preorder-traversal,N,81.00%,Medium,4.45085%;,
1010,Pairs of Songs With Total Durations Divisible by 60,https://leetcode.com/problems/pairs-of-songs-with-total-durations-divisible-by-60,N,52.90%,Medium,3.01616%;,
1011,Capacity To Ship Packages Within D Days,https://leetcode.com/problems/capacity-to-ship-packages-within-d-days,N,64.60%,Medium,26.6263%;,
1060,Missing Element in Sorted Array,https://leetcode.com/problems/missing-element-in-sorted-array,Y,54.60%,Medium,14.3983%;,
1016,Binary String With Substrings Representing 1 To N,https://leetcode.com/problems/binary-string-with-substrings-representing-1-to-n,N,57.60%,Medium,20.3296%;,
1020,Number of Enclaves,https://leetcode.com/problems/number-of-enclaves,N,64.90%,Medium,4.15654%;,
1099,Two Sum Less Than K,https://leetcode.com/problems/two-sum-less-than-k,Y,60.80%,Easy,1.8452%;,
1026,Maximum Difference Between Node and Ancestor,https://leetcode.com/problems/maximum-difference-between-node-and-ancestor,N,73.40%,Medium,13.8268%;,
1032,Stream of Characters,https://leetcode.com/problems/stream-of-characters,N,51.60%,Hard,15.4166%;,
1151,Minimum Swaps to Group All 1's Together,https://leetcode.com/problems/minimum-swaps-to-group-all-1s-together,Y,60.90%,Medium,22.5746%;,
1152,Analyze User Website Visit Pattern,https://leetcode.com/problems/analyze-user-website-visit-pattern,Y,43.30%,Medium,95.3566%;,
1039,Minimum Score Triangulation of Polygon,https://leetcode.com/problems/minimum-score-triangulation-of-polygon,N,54.60%,Medium,18.0018%;,
1038,Binary Search Tree to Greater Sum Tree,https://leetcode.com/problems/binary-search-tree-to-greater-sum-tree,N,85.40%,Medium,30.5422%;,
1041,Robot Bounded In Circle,https://leetcode.com/problems/robot-bounded-in-circle,N,55.30%,Medium,34.7992%;,
1044,Longest Duplicate Substring,https://leetcode.com/problems/longest-duplicate-substring,N,30.60%,Hard,52.8976%;,
1166,Design File System,https://leetcode.com/problems/design-file-system,Y,62.00%,Medium,16.2761%;,
1167,Minimum Cost to Connect Sticks,https://leetcode.com/problems/minimum-cost-to-connect-sticks,Y,67.80%,Medium,49.5636%;,
1046,Last Stone Weight,https://leetcode.com/problems/last-stone-weight,N,64.70%,Easy,3.90623%;,
1047,Remove All Adjacent Duplicates In String,https://leetcode.com/problems/remove-all-adjacent-duplicates-in-string,N,70.40%,Easy,21.1364%;,
1048,Longest String Chain,https://leetcode.com/problems/longest-string-chain,N,59.10%,Medium,12.7337%;,
1197,Minimum Knight Moves,https://leetcode.com/problems/minimum-knight-moves,Y,39.70%,Medium,38.1761%;,
1229,Meeting Scheduler,https://leetcode.com/problems/meeting-scheduler,Y,55.40%,Medium,13.7947%;,
1091,Shortest Path in Binary Matrix,https://leetcode.com/problems/shortest-path-in-binary-matrix,N,44.50%,Medium,27.009%;,
1216,Valid Palindrome III,https://leetcode.com/problems/valid-palindrome-iii,Y,50.10%,Hard,29.4431%;,
1094,Car Pooling,https://leetcode.com/problems/car-pooling,N,57.30%,Medium,17.3884%;,
1110,Delete Nodes And Return Forest,https://leetcode.com/problems/delete-nodes-and-return-forest,N,69.30%,Medium,21.3862%;,
1291,Sequential Digits,https://leetcode.com/problems/sequential-digits,N,61.30%,Medium,44.5652%;,
1130,Minimum Cost Tree From Leaf Values,https://leetcode.com/problems/minimum-cost-tree-from-leaf-values,N,68.50%,Medium,14.7215%;,
1299,Replace Elements with Greatest Element on Right Side,https://leetcode.com/problems/replace-elements-with-greatest-element-on-right-side,N,74.70%,Easy,2.18838%;,
1146,Snapshot Array,https://leetcode.com/problems/snapshot-array,N,37.30%,Medium,16.9293%;,
1143,Longest Common Subsequence,https://leetcode.com/problems/longest-common-subsequence,N,58.80%,Medium,8.98071%;,
1329,Sort the Matrix Diagonally,https://leetcode.com/problems/sort-the-matrix-diagonally,N,83.60%,Medium,9.11345%;,
1169,Invalid Transactions,https://leetcode.com/problems/invalid-transactions,N,31.20%,Medium,5.89617%;,
1360,Number of Days Between Two Dates,https://leetcode.com/problems/number-of-days-between-two-dates,N,47.60%,Easy,15.0606%;,
1191,K-Concatenation Maximum Sum,https://leetcode.com/problems/k-concatenation-maximum-sum,N,23.90%,Medium,28.2766%;,
1192,Critical Connections in a Network,https://leetcode.com/problems/critical-connections-in-a-network,N,54.50%,Hard,17.4543%;,
1179,Reformat Department Table,https://leetcode.com/problems/reformat-department-table,N,82.50%,Easy,8.13372%;,
2139,Minimum Moves to Reach Target Score,https://leetcode.com/problems/minimum-moves-to-reach-target-score,N,48.40%,Medium,15.4166%;,
1405,Longest Happy String,https://leetcode.com/problems/longest-happy-string,N,57.40%,Medium,32.3468%;,
1944,Number of Visible People in a Queue,https://leetcode.com/problems/number-of-visible-people-in-a-queue,N,69.70%,Hard,22.4815%;,
1202,Smallest String With Swaps,https://leetcode.com/problems/smallest-string-with-swaps,N,57.60%,Medium,10.8714%;,
1203,Sort Items by Groups Respecting Dependencies,https://leetcode.com/problems/sort-items-by-groups-respecting-dependencies,N,50.60%,Hard,33.0855%;,
1207,Unique Number of Occurrences,https://leetcode.com/problems/unique-number-of-occurrences,N,70.90%,Easy,24.4299%;,
1209,Remove All Adjacent Duplicates in String II,https://leetcode.com/problems/remove-all-adjacent-duplicates-in-string-ii,N,56.00%,Medium,31.6486%;,
1706,Where Will the Ball Fall,https://leetcode.com/problems/where-will-the-ball-fall,N,71.60%,Medium,2.5692%;,
1220,Count Vowels Permutation,https://leetcode.com/problems/count-vowels-permutation,N,60.60%,Hard,15.7911%;,
1235,Maximum Profit in Job Scheduling,https://leetcode.com/problems/maximum-profit-in-job-scheduling,N,51.20%,Hard,8.3894%;,
2193,Minimum Number of Moves to Make Palindrome,https://leetcode.com/problems/minimum-number-of-moves-to-make-palindrome,N,51.40%,Hard,87.7661%;,
1726,Tuple with Same Product,https://leetcode.com/problems/tuple-with-same-product,N,60.80%,Medium,22.5746%;,
1429,First Unique Number,https://leetcode.com/problems/first-unique-number,Y,52.70%,Medium,35.3902%;,
1249,Minimum Remove to Make Valid Parentheses,https://leetcode.com/problems/minimum-remove-to-make-valid-parentheses,N,65.70%,Medium,8.03794%;,
1428,Leftmost Column with at Least a One,https://leetcode.com/problems/leftmost-column-with-at-least-a-one,Y,53.00%,Medium,15.0606%;,
1268,Search Suggestions System,https://leetcode.com/problems/search-suggestions-system,N,66.50%,Medium,73.5862%;,
1275,Find Winner on a Tic Tac Toe Game,https://leetcode.com/problems/find-winner-on-a-tic-tac-toe-game,N,54.30%,Easy,25.4772%;,
1277,Count Square Submatrices with All Ones,https://leetcode.com/problems/count-square-submatrices-with-all-ones,N,74.40%,Medium,6.33026%;,
1293,Shortest Path in a Grid with Obstacles Elimination,https://leetcode.com/problems/shortest-path-in-a-grid-with-obstacles-elimination,N,45.60%,Hard,24.3059%;,
1306,Jump Game III,https://leetcode.com/problems/jump-game-iii,N,63.10%,Medium,5.2654%;,
1344,Angle Between Hands of a Clock,https://leetcode.com/problems/angle-between-hands-of-a-clock,N,63.40%,Medium,36.5587%;,
1345,Jump Game IV,https://leetcode.com/problems/jump-game-iv,N,44.00%,Hard,18.588%;,
1326,Minimum Number of Taps to Open to Water a Garden,https://leetcode.com/problems/minimum-number-of-taps-to-open-to-water-a-garden,N,47.70%,Hard,12.2646%;,
1335,Minimum Difficulty of a Job Schedule,https://leetcode.com/problems/minimum-difficulty-of-a-job-schedule,N,58.70%,Hard,38.2393%;,
1338,Reduce Array Size to The Half,https://leetcode.com/problems/reduce-array-size-to-the-half,N,69.70%,Medium,9.3649%;,
1339,Maximum Product of Splitted Binary Tree,https://leetcode.com/problems/maximum-product-of-splitted-binary-tree,N,43.40%,Medium,15.7911%;,
1340,Jump Game V,https://leetcode.com/problems/jump-game-v,N,62.50%,Hard,24.4174%;,
1372,Longest ZigZag Path in a Binary Tree,https://leetcode.com/problems/longest-zigzag-path-in-a-binary-tree,N,59.70%,Medium,28.929%;,
1353,Maximum Number of Events That Can Be Attended,https://leetcode.com/problems/maximum-number-of-events-that-can-be-attended,N,32.90%,Medium,8.87544%;,
1354,Construct Target Array With Multiple Sums,https://leetcode.com/problems/construct-target-array-with-multiple-sums,N,36.30%,Hard,19.088%;,
1365,How Many Numbers Are Smaller Than the Current Number,https://leetcode.com/problems/how-many-numbers-are-smaller-than-the-current-number,N,86.70%,Easy,4.10177%;,
1385,Find the Distance Value Between Two Arrays,https://leetcode.com/problems/find-the-distance-value-between-two-arrays,N,65.40%,Easy,7.1927%;,
1383,Maximum Performance of a Team,https://leetcode.com/problems/maximum-performance-of-a-team,N,48.90%,Hard,45.6746%;,
1396,Design Underground System,https://leetcode.com/problems/design-underground-system,N,73.70%,Medium,5.70091%;,
1408,String Matching in an Array,https://leetcode.com/problems/string-matching-in-an-array,N,63.90%,Easy,11.83%;,
1431,Kids With the Greatest Number of Candies,https://leetcode.com/problems/kids-with-the-greatest-number-of-candies,N,87.50%,Easy,2.22344%;,
1423,Maximum Points You Can Obtain from Cards,https://leetcode.com/problems/maximum-points-you-can-obtain-from-cards,N,52.30%,Medium,9.1407%;,
1448,Count Good Nodes in Binary Tree,https://leetcode.com/problems/count-good-nodes-in-binary-tree,N,74.60%,Medium,3.31953%;,
1436,Destination City,https://leetcode.com/problems/destination-city,N,77.60%,Easy,7.67671%;,
1461,Check If a String Contains All Binary Codes of Size K,https://leetcode.com/problems/check-if-a-string-contains-all-binary-codes-of-size-k,N,56.80%,Medium,13.2419%;,
1464,Maximum Product of Two Elements in an Array,https://leetcode.com/problems/maximum-product-of-two-elements-in-an-array,N,79.30%,Easy,7.87321%;,
1465,Maximum Area of a Piece of Cake After Horizontal and Vertical Cuts,https://leetcode.com/problems/maximum-area-of-a-piece-of-cake-after-horizontal-and-vertical-cuts,N,40.90%,Medium,12.7337%;,
1454,Active Users,https://leetcode.com/problems/active-users,Y,38.40%,Medium,14.3983%;,
1470,Shuffle the Array,https://leetcode.com/problems/shuffle-the-array,N,88.50%,Easy,1.6062%;,
1472,Design Browser History,https://leetcode.com/problems/design-browser-history,N,76.10%,Medium,16.3493%;,
1492,The kth Factor of n,https://leetcode.com/problems/the-kth-factor-of-n,N,62.40%,Medium,25.7592%;,
1480,Running Sum of 1d Array,https://leetcode.com/problems/running-sum-of-1d-array,N,89.30%,Easy,2.17846%;,
1482,Minimum Number of Days to Make m Bouquets,https://leetcode.com/problems/minimum-number-of-days-to-make-m-bouquets,N,55.80%,Medium,14.9457%;,
1488,Avoid Flood in The City,https://leetcode.com/problems/avoid-flood-in-the-city,N,26.10%,Medium,18.5275%;,
1497,Check If Array Pairs Are Divisible by k,https://leetcode.com/problems/check-if-array-pairs-are-divisible-by-k,N,39.70%,Medium,9.3649%;,
1523,Count Odd Numbers in an Interval Range,https://leetcode.com/problems/count-odd-numbers-in-an-interval-range,N,46.20%,Easy,3.06807%;,
1525,Number of Good Ways to Split a String,https://leetcode.com/problems/number-of-good-ways-to-split-a-string,N,69.40%,Medium,17.4543%;,
1512,Number of Good Pairs,https://leetcode.com/problems/number-of-good-pairs,N,88.20%,Easy,3.20029%;,
1539,Kth Missing Positive Number,https://leetcode.com/problems/kth-missing-positive-number,N,55.90%,Easy,8.67428%;,
1547,Minimum Cost to Cut a Stick,https://leetcode.com/problems/minimum-cost-to-cut-a-stick,N,56.90%,Hard,24.6726%;,
1563,Stone Game V,https://leetcode.com/problems/stone-game-v,N,40.60%,Hard,19.6872%;,
1567,Maximum Length of Subarray With Positive Product,https://leetcode.com/problems/maximum-length-of-subarray-with-positive-product,N,43.80%,Medium,49.8045%;,
1603,Design Parking System,https://leetcode.com/problems/design-parking-system,N,88.00%,Easy,44.6967%;,
1570,Dot Product of Two Sparse Vectors,https://leetcode.com/problems/dot-product-of-two-sparse-vectors,Y,90.30%,Medium,8.76113%;,
1581,Customer Who Visited but Did Not Make Any Transactions,https://leetcode.com/problems/customer-who-visited-but-did-not-make-any-transactions,N,88.30%,Easy,3.08323%;,
1609,Even Odd Tree,https://leetcode.com/problems/even-odd-tree,N,53.80%,Medium,12.4945%;,
1597,Build Binary Expression Tree From Infix Expression,https://leetcode.com/problems/build-binary-expression-tree-from-infix-expression,Y,62.30%,Hard,64.3988%;,
1642,Furthest Building You Can Reach,https://leetcode.com/problems/furthest-building-you-can-reach,N,48.30%,Medium,37.5061%;,
1628,Design an Expression Tree With Evaluate Function,https://leetcode.com/problems/design-an-expression-tree-with-evaluate-function,Y,82.70%,Medium,59.1473%;,
1650,Lowest Common Ancestor of a Binary Tree III,https://leetcode.com/problems/lowest-common-ancestor-of-a-binary-tree-iii,Y,77.30%,Medium,22.8595%;,
1672,Richest Customer Wealth,https://leetcode.com/problems/richest-customer-wealth,N,88.20%,Easy,5.56781%;,
1673,Find the Most Competitive Subsequence,https://leetcode.com/problems/find-the-most-competitive-subsequence,N,49.40%,Medium,12.7337%;,
1680,Concatenation of Consecutive Binary Numbers,https://leetcode.com/problems/concatenation-of-consecutive-binary-numbers,N,57.00%,Medium,30.352%;,
1689,Partitioning Into Minimum Number Of Deci-Binary Numbers,https://leetcode.com/problems/partitioning-into-minimum-number-of-deci-binary-numbers,N,89.60%,Medium,4.661%;,
1696,Jump Game VI,https://leetcode.com/problems/jump-game-vi,N,46.30%,Medium,8.99283%;,
1705,Maximum Number of Eaten Apples,https://leetcode.com/problems/maximum-number-of-eaten-apples,N,38.10%,Medium,46.2616%;,
1723,Find Minimum Time to Finish All Jobs,https://leetcode.com/problems/find-minimum-time-to-finish-all-jobs,N,42.70%,Hard,31.9628%;,
1710,Maximum Units on a Truck,https://leetcode.com/problems/maximum-units-on-a-truck,N,73.90%,Easy,49.8519%;,
1752,Check if Array Is Sorted and Rotated,https://leetcode.com/problems/check-if-array-is-sorted-and-rotated,N,49.30%,Easy,3.71078%;,
1740,Find Distance in a Binary Tree,https://leetcode.com/problems/find-distance-in-a-binary-tree,Y,68.80%,Medium,16.1855%;,
1757,Recyclable and Low Fat Products,https://leetcode.com/problems/recyclable-and-low-fat-products,N,93.60%,Easy,1.4831%;,
1762,Buildings With an Ocean View,https://leetcode.com/problems/buildings-with-an-ocean-view,Y,79.20%,Medium,13.5124%;,
1834,Single-Threaded CPU,https://leetcode.com/problems/single-threaded-cpu,N,42.00%,Medium,35.1903%;,
1856,Maximum Subarray Min-Product,https://leetcode.com/problems/maximum-subarray-min-product,N,37.70%,Medium,18.5275%;,
1876,Substrings of Size Three with Distinct Characters,https://leetcode.com/problems/substrings-of-size-three-with-distinct-characters,N,70.30%,Easy,5.65411%;,
1863,Sum of All Subset XOR Totals,https://leetcode.com/problems/sum-of-all-subset-xor-totals,N,79.00%,Easy,8.87544%;,
1864,Minimum Number of Swaps to Make the Binary String Alternating,https://leetcode.com/problems/minimum-number-of-swaps-to-make-the-binary-string-alternating,N,42.50%,Medium,69.0576%;,
1882,Process Tasks Using Servers,https://leetcode.com/problems/process-tasks-using-servers,N,39.60%,Medium,18.5275%;,
1926,Nearest Exit from Entrance in Maze,https://leetcode.com/problems/nearest-exit-from-entrance-in-maze,N,43.10%,Medium,10.3695%;,
1962,Remove Stones to Minimize the Total,https://leetcode.com/problems/remove-stones-to-minimize-the-total,N,59.20%,Medium,17.8893%;,
2007,Find Original Array From Doubled Array,https://leetcode.com/problems/find-original-array-from-doubled-array,N,40.90%,Medium,17.8893%;,
1972,First and Last Call On the Same Day,https://leetcode.com/problems/first-and-last-call-on-the-same-day,Y,53.40%,Hard,45.6746%;,
2035,Partition Array Into Two Arrays to Minimize Sum Difference,https://leetcode.com/problems/partition-array-into-two-arrays-to-minimize-sum-difference,N,18.30%,Hard,5.79688%;,
2055,Plates Between Candles,https://leetcode.com/problems/plates-between-candles,N,44.40%,Medium,80.9185%;,
2070,Most Beautiful Item for Each Query,https://leetcode.com/problems/most-beautiful-item-for-each-query,N,49.70%,Medium,23.4546%;,
2075,Decode the Slanted Ciphertext,https://leetcode.com/problems/decode-the-slanted-ciphertext,N,50.20%,Medium,23.4546%;,
2100,Find Good Days to Rob the Bank,https://leetcode.com/problems/find-good-days-to-rob-the-bank,N,49.20%,Medium,52.8976%;,
2102,Sequentially Ordinal Rank Tracker,https://leetcode.com/problems/sequentially-ordinal-rank-tracker,N,66.30%,Hard,76.442%;,
2096,Step-By-Step Directions From a Binary Tree Node to Another,https://leetcode.com/problems/step-by-step-directions-from-a-binary-tree-node-to-another,N,48.80%,Medium,14.1655%;,
2115,Find All Possible Recipes from Given Supplies,https://leetcode.com/problems/find-all-possible-recipes-from-given-supplies,N,48.50%,Medium,33.4878%;,
2104,Sum of Subarray Ranges,https://leetcode.com/problems/sum-of-subarray-ranges,N,60.20%,Medium,76.7894%;,
2109,Adding Spaces to a String,https://leetcode.com/problems/adding-spaces-to-a-string,N,56.30%,Medium,17.0416%;,
2110,Number of Smooth Descent Periods of a Stock,https://leetcode.com/problems/number-of-smooth-descent-periods-of-a-stock,N,57.60%,Medium,38.1761%;,
2130,Maximum Twin Sum of a Linked List,https://leetcode.com/problems/maximum-twin-sum-of-a-linked-list,N,81.30%,Medium,22.1174%;,
2163,Minimum Difference in Sums After Removal of Elements,https://leetcode.com/problems/minimum-difference-in-sums-after-removal-of-elements,N,46.60%,Hard,40.0067%;,
2195,Append K Integers With Minimal Sum,https://leetcode.com/problems/append-k-integers-with-minimal-sum,N,25.00%,Medium,33.3416%;,
2221,Find Triangular Sum of an Array,https://leetcode.com/problems/find-triangular-sum-of-an-array,N,79.00%,Medium,73.1715%;,
2222,Number of Ways to Select Buildings,https://leetcode.com/problems/number-of-ways-to-select-buildings,N,51.30%,Medium,81.0963%;,
2234,Maximum Total Beauty of the Gardens,https://leetcode.com/problems/maximum-total-beauty-of-the-gardens,N,28.20%,Hard,52.8976%;,
2262,Total Appeal of A String,https://leetcode.com/problems/total-appeal-of-a-string,N,58.30%,Hard,79.1995%;,
2256,Minimum Average Difference,https://leetcode.com/problems/minimum-average-difference,N,35.90%,Medium,31.5922%;,
2265,Count Nodes Equal to Average of Subtree,https://leetcode.com/problems/count-nodes-equal-to-average-of-subtree,N,85.60%,Medium,10.0605%;,
2214,Minimum Health to Beat Game,https://leetcode.com/problems/minimum-health-to-beat-game,Y,57.50%,Medium,95.4081%;,
2272,Substring With Largest Variance,https://leetcode.com/problems/substring-with-largest-variance,N,37.50%,Hard,100%;,
2244,Minimum Rounds to Complete All Tasks,https://leetcode.com/problems/minimum-rounds-to-complete-all-tasks,N,57.40%,Medium,32.0317%;,
2281,Sum of Total Strength of Wizards,https://leetcode.com/problems/sum-of-total-strength-of-wizards,N,27.90%,Hard,97.704%;,
2287,Rearrange Characters to Make Target String,https://leetcode.com/problems/rearrange-characters-to-make-target-string,N,57.80%,Easy,25.7592%;,
2288,Apply Discount to Prices,https://leetcode.com/problems/apply-discount-to-prices,N,27.40%,Medium,40.7078%;,
2289,Steps to Make Array Non-decreasing,https://leetcode.com/problems/steps-to-make-array-non-decreasing,N,21.40%,Medium,8.03794%;,
2235,Add Two Integers,https://leetcode.com/problems/add-two-integers,N,89.50%,Easy,9.87686%;,
2294,Partition Array Such That Maximum Difference Is K,https://leetcode.com/problems/partition-array-such-that-maximum-difference-is-k,N,72.60%,Medium,52.8976%;,
2302,Count Subarrays With Score Less Than K,https://leetcode.com/problems/count-subarrays-with-score-less-than-k,N,52.10%,Hard,18.5275%;,
2311,Longest Binary Subsequence Less Than or Equal to K,https://leetcode.com/problems/longest-binary-subsequence-less-than-or-equal-to-k,N,36.40%,Medium,16.1855%;,
2268,Minimum Number of Keypresses,https://leetcode.com/problems/minimum-number-of-keypresses,Y,74.00%,Medium,84.9083%;,
2327,Number of People Aware of a Secret,https://leetcode.com/problems/number-of-people-aware-of-a-secret,N,44.50%,Medium,26.6516%;,
2336,Smallest Number in Infinite Set,https://leetcode.com/problems/smallest-number-in-infinite-set,N,71.70%,Medium,10.5314%;,
2347,Best Poker Hand,https://leetcode.com/problems/best-poker-hand,N,60.60%,Easy,16.6017%;,
2350,Shortest Impossible Sequence of Rolls,https://leetcode.com/problems/shortest-impossible-sequence-of-rolls,N,68.30%,Hard,23.4546%;,
2357,Make Array Zero by Subtracting Equal Amounts,https://leetcode.com/problems/make-array-zero-by-subtracting-equal-amounts,N,72.70%,Easy,63.9838%;,
2398,Maximum Number of Robots Within Budget,https://leetcode.com/problems/maximum-number-of-robots-within-budget,N,32.20%,Hard,75.8822%;,
2376,Count Special Integers,https://leetcode.com/problems/count-special-integers,N,36.30%,Hard,37.183%;,
2385,Amount of Time for Binary Tree to Be Infected,https://leetcode.com/problems/amount-of-time-for-binary-tree-to-be-infected,N,56.20%,Medium,29.4431%;,
2386,Find the K-Sum of an Array,https://leetcode.com/problems/find-the-k-sum-of-an-array,N,37.70%,Hard,62.9952%;,
2340,Minimum Adjacent Swaps to Make a Valid Array,https://leetcode.com/problems/minimum-adjacent-swaps-to-make-a-valid-array,Y,76.50%,Medium,79.7405%;,
2405,Optimal Partition of String,https://leetcode.com/problems/optimal-partition-of-string,N,74.40%,Medium,7.34701%;,
2406,Divide Intervals Into Minimum Number of Groups,https://leetcode.com/problems/divide-intervals-into-minimum-number-of-groups,N,45.40%,Medium,18.5275%;,
2355,Maximum Number of Books You Can Take,https://leetcode.com/problems/maximum-number-of-books-you-can-take,Y,45.60%,Hard,90.0621%;,